{
  "schema": "cds_v3_capacity_calibrated",
  "method": "CDS_v3 = CDS_raw(test) - CDS_raw(neutral)",
  "v3_results": {
    "Pythia-160m": {
      "cds_pile_raw": 0.22280182266235354,
      "cds_neutral": 0.009612364170812826,
      "cds_v3": 0.21318945849154072,
      "training": "The Pile",
      "size_M": 160
    },
    "GPT-Neo-125M": {
      "cds_pile_raw": 0.2523670895894369,
      "cds_neutral": 0.013115140640095032,
      "cds_v3": 0.23925194894934185,
      "training": "The Pile",
      "size_M": 125
    },
    "GPT-2": {
      "cds_pile_raw": -0.2085997734069824,
      "cds_neutral": 0.005443345229758797,
      "cds_v3": -0.2140431186367412,
      "training": "WebText",
      "size_M": 124
    },
    "DistilGPT2": {
      "cds_pile_raw": -0.34774853642781584,
      "cds_neutral": -0.059685120202605205,
      "cds_v3": -0.28806341622521064,
      "training": "WebText*",
      "size_M": 82
    },
    "GPT-2-medium": {
      "cds_pile_raw": -0.011646246592203768,
      "cds_neutral": 0.037898923999096126,
      "cds_v3": -0.0495451705912999,
      "training": "WebText",
      "size_M": 345
    }
  },
  "overlap_v2": {
    "100": {
      "Pythia-160m": 0.22280182266235354,
      "GPT-Neo-125M": 0.2523670895894368,
      "GPT-2": -0.2085997734069824,
      "DistilGPT2": -0.3477485364278157,
      "GPT-2-medium": -0.011646246592203768
    },
    "70": {
      "Pythia-160m": 0.23136869049072273,
      "GPT-Neo-125M": 0.26204155222574876,
      "GPT-2": -0.21839183298746742,
      "DistilGPT2": -0.36537140655517575,
      "GPT-2-medium": -0.022583941141764288
    },
    "50": {
      "Pythia-160m": 0.20644170451432073,
      "GPT-Neo-125M": 0.2317739528970632,
      "GPT-2": -0.1959990717366041,
      "DistilGPT2": -0.3197727543185865,
      "GPT-2-medium": -0.014100817902120928
    },
    "30": {
      "Pythia-160m": 0.1412420263198778,
      "GPT-Neo-125M": 0.15571014979801473,
      "GPT-2": -0.12592004633016649,
      "DistilGPT2": -0.22474408590063266,
      "GPT-2-medium": 0.002486498692985976
    },
    "0": {
      "Pythia-160m": 0.009612364170812826,
      "GPT-Neo-125M": 0.013115140640095032,
      "GPT-2": 0.005443345229758797,
      "DistilGPT2": -0.059685120202605205,
      "GPT-2-medium": 0.03789892399909612
    }
  },
  "overlap_v3": {
    "100": {
      "Pythia-160m": 0.21318945849154072,
      "GPT-Neo-125M": 0.2392519489493418,
      "GPT-2": -0.2140431186367412,
      "DistilGPT2": -0.28806341622521053,
      "GPT-2-medium": -0.0495451705912999
    },
    "70": {
      "Pythia-160m": 0.2217563263199099,
      "GPT-Neo-125M": 0.24892641158565373,
      "GPT-2": -0.2238351782172262,
      "DistilGPT2": -0.30568628635257056,
      "GPT-2-medium": -0.06048286514086042
    },
    "50": {
      "Pythia-160m": 0.1968293403435079,
      "GPT-Neo-125M": 0.21865881225696818,
      "GPT-2": -0.2014424169663629,
      "DistilGPT2": -0.2600876341159813,
      "GPT-2-medium": -0.051999741901217054
    },
    "30": {
      "Pythia-160m": 0.131629662149065,
      "GPT-Neo-125M": 0.1425950091579197,
      "GPT-2": -0.13136339155992527,
      "DistilGPT2": -0.16505896569802747,
      "GPT-2-medium": -0.03541242530611015
    },
    "0": {
      "Pythia-160m": 0.0,
      "GPT-Neo-125M": 0.0,
      "GPT-2": 0.0,
      "DistilGPT2": 0.0,
      "GPT-2-medium": -6.938893903907228e-18
    }
  },
  "pile_models_ok": true,
  "nonpile_models_ok": true
}