{
  "schema": "zk_gdna_cds_validation_v1",
  "n_samples": 60,
  "test1_ref_gpt2": {
    "Pythia-160m": {
      "cds_hard": 2.351674904585994,
      "cds_all": 0.576833421200133,
      "n_hard": 2793,
      "training": "The Pile"
    },
    "GPT-Neo-125M": {
      "cds_hard": 1.3642639864511923,
      "cds_all": 0.7272710975102785,
      "n_hard": 2931,
      "training": "The Pile"
    },
    "DistilGPT2": {
      "cds_hard": -0.12157334985687479,
      "cds_all": -0.27540674870015486,
      "n_hard": 2931,
      "training": "WebText"
    }
  },
  "test2_ref_pythia": {
    "GPT-Neo-125M": {
      "cds_hard": 1.5092785364624435,
      "cds_all": 0.1580653305670589,
      "n_hard": 2793,
      "training": "The Pile"
    },
    "GPT-2": {
      "cds_hard": 0.8353764713357372,
      "cds_all": -0.576833421200133,
      "n_hard": 2793,
      "training": "WebText"
    },
    "DistilGPT2": {
      "cds_hard": 0.5097351484334132,
      "cds_all": -0.8472686140584287,
      "n_hard": 2793,
      "training": "WebText"
    }
  },
  "matrix": [
    [
      0.0,
      1.463730291606357,
      0.6846651574124786,
      0.4135944468689169
    ],
    [
      1.1118776558085393,
      0.0,
      -0.7234487378814883,
      -0.9468775097585514
    ],
    [
      2.4976719529776807,
      1.5560168975748832,
      0.0,
      -0.033655758037850855
    ],
    [
      2.7276516515471783,
      1.9149100326701867,
      0.5466437276913718,
      0.0
    ]
  ],
  "matrix_labels": [
    "Pythia-160m",
    "GPT-Neo-125M",
    "GPT-2",
    "DistilGPT2"
  ],
  "pile_advantage": 2.174062633692482
}