{
  "test_a_scale_pass": true,
  "test_b_finetuning_pass": true,
  "test_c_graceful_degradation": true,
  "overlap_curve": {
    "100": {
      "Pythia-160m": 0.22280182266235354,
      "GPT-Neo-125M": 0.2523670895894368,
      "GPT-2": -0.2085997734069824,
      "DistilGPT2": -0.3477485364278157,
      "GPT-2-medium": -0.011646246592203768
    },
    "70": {
      "Pythia-160m": 0.18430287424723307,
      "GPT-Neo-125M": 0.21530783081054689,
      "GPT-2": -0.15625194040934245,
      "DistilGPT2": -0.29494054921468094,
      "GPT-2-medium": 0.03912316640218102
    },
    "50": {
      "Pythia-160m": 0.12606862004597985,
      "GPT-Neo-125M": 0.15275373458862304,
      "GPT-2": -0.09657207361857094,
      "DistilGPT2": -0.23656179936726882,
      "GPT-2-medium": 0.08131891250610354
    },
    "30": {
      "Pythia-160m": 0.07505198669433595,
      "GPT-Neo-125M": 0.09630283610026044,
      "GPT-2": -0.035073196411132775,
      "DistilGPT2": -0.17753730773925772,
      "GPT-2-medium": 0.12049045817057294
    },
    "0": {
      "Pythia-160m": 0.003404019673665363,
      "GPT-Neo-125M": 0.012743410746256527,
      "GPT-2": 0.04301877593994141,
      "DistilGPT2": -0.1270852635701497,
      "GPT-2-medium": 0.19638418324788418
    }
  }
}