{
  "schema": "zk_gdna_cds_v2",
  "method": "Character-normalized CDS",
  "n_samples": 100,
  "same_data_mean": 0.007318102264404297,
  "pile_target_mean": 0.8594405805587768,
  "webtext_target_mean": -0.3922458248138428,
  "data_signal_gap": 1.2516864053726195,
  "ranking_stable": true,
  "matrix": [
    [
      0.0,
      0.031974938964843755,
      -0.31981802062988285,
      -0.4656851684570313
    ],
    [
      -0.02000423278808595,
      0.0,
      -0.31744426422119143,
      -0.4660358459472656
    ],
    [
      0.7557111007690429,
      0.8002552562713623,
      0.0,
      -0.16245304870605465
    ],
    [
      0.9192923156738282,
      0.9625036495208739,
      0.17975475158691404,
      0.0
    ]
  ],
  "labels": [
    "Pythia-160m",
    "GPT-Neo-125M",
    "GPT-2",
    "DistilGPT2"
  ]
}